id,first_name,last_name,email
68,Rhiamon,Stoakes,rstoakes0@ycombinator.com
1,Drusy,Dunsire,ddunsire1@google.nl
100,Pearline,Gradon,pgradon2@cpanel.net
74,Winnie,Rayne,wrayne3@topsy.com
66,Lemuel,Hein,lhein4@who.int
50,Ephrayim,Crouse,ecrouse5@bbc.co.uk
73,Cherrita,Follitt,cfollitt6@newsvine.com
47,Angil,Plumbridge,aplumbridge7@china.com.cn
42,Mozelle,Pethybridge,mpethybridge8@sciencedaily.com
86,Anna,Steane,asteane9@bbb.org
29,Niel,Gascoyen,ngascoyena@archive.org
38,Elvina,Loadwick,eloadwickb@cargocollective.com
55,Lynda,Onthank,lonthankc@bizjournals.com
30,Cy,Eck,ceckd@lulu.com
34,Querida,Asty,qastye@purevolume.com
20,Gipsy,Maingot,gmaingotf@twitpic.com
77,Katti,Thurley,kthurleyg@qq.com
57,Stacey,Crissil,scrissilh@elegantthemes.com
98,Fabe,Dohr,fdohri@google.ru
7,Alister,McEttigen,amcettigenj@unc.edu
85,Giffard,Sarle,gsarlek@pen.io
5,Neville,Beckhouse,nbeckhousel@netvibes.com
59,Pippo,Blasi,pblasim@wordpress.org
26,Jaclin,Putton,jputtonn@ebay.co.uk
95,Marrissa,Powlett,mpowletto@google.de
14,Clemmie,Clemencon,cclemenconp@howstuffworks.com
13,Alleyn,Tute,atuteq@howstuffworks.com
75,Janna,Bragginton,jbraggintonr@sphinn.com
41,Mirabella,Linkin,mlinkins@mac.com
64,Dale,Vanner,dvannert@latimes.com
36,Jamie,Hannibal,jhannibalu@istockphoto.com
46,Aloisia,Minthorpe,aminthorpev@vimeo.com
92,Horatio,Petracci,hpetracciw@storify.com
17,Kellby,Soldner,ksoldnerx@angelfire.com
83,Ricki,Lammie,rlammiey@cam.ac.uk
52,Jarrett,Fieller,jfiellerz@umn.edu
76,Jerrome,Stairs,jstairs10@php.net
67,Katina,Melendez,kmelendez11@123-reg.co.uk
84,Farr,Ivanilov,fivanilov12@github.io
33,Truman,Chater,tchater13@opensource.org
23,Ingeborg,Rowbrey,irowbrey14@squarespace.com
10,Gilles,Williment,gwilliment15@google.com
70,Laryssa,Dumbreck,ldumbreck16@intel.com
15,Allistir,Knapper,aknapper17@wisc.edu
22,Batholomew,Watsam,bwatsam18@google.com
88,Leonard,Lukes,llukes19@aboutads.info
89,Aubrie,Fruchter,afruchter1a@networksolutions.com
45,Al,Rottger,arottger1b@digg.com
2,Sharleen,Tetlow,stetlow1c@utexas.edu
32,Mirabella,Kuschek,mkuschek1d@dropbox.com
90,Modesty,Wille,mwille1e@homestead.com
81,Angele,Saket,asaket1f@dion.ne.jp
91,Jesus,Lutzmann,jlutzmann1g@edublogs.org
96,Marcelle,Beazleigh,mbeazleigh1h@storify.com
3,Siffre,Shadrach,sshadrach1i@army.mil
78,Kim,Scroggs,kscroggs1j@yahoo.co.jp
28,Latrina,Minter,lminter1k@oaic.gov.au
65,Lisette,Loxston,lloxston1l@istockphoto.com
49,Virginia,Strathman,vstrathman1m@hatena.ne.jp
60,Paulita,Rodell,prodell1n@cdc.gov
25,Kip,Beddard,kbeddard1o@auda.org.au
53,Susanetta,Farndon,sfarndon1p@purevolume.com
48,Korey,Jobbing,kjobbing1q@nih.gov
44,Cooper,Kimmins,ckimmins1r@quantcast.com
39,Marketa,Giacubbo,mgiacubbo1s@stanford.edu
40,Auroora,Stigers,astigers1t@geocities.com
9,Teriann,Loosely,tloosely1u@google.co.uk
21,Hollis,O'Keaveny,hokeaveny1v@senate.gov
79,Westleigh,Trustrie,wtrustrie1w@stanford.edu
72,Thornie,Guerrier,tguerrier1x@about.com
82,Miguelita,Gann,mgann1y@soup.io
12,Fionna,Hardman,fhardman1z@angelfire.com
43,Stevena,Symcoxe,ssymcoxe20@odnoklassniki.ru
87,Kimbell,Hilling,khilling21@xing.com
56,Siffre,Tyndall,styndall22@plala.or.jp
35,Valeria,Matijasevic,vmatijasevic23@unesco.org
19,Tatiania,Helgass,thelgass24@thetimes.co.uk
94,Patton,Troillet,ptroillet25@wsj.com
62,Alford,Hoovart,ahoovart26@vinaora.com
80,Ashley,Strother,astrother27@topsy.com
63,Nadine,Lutz,nlutz28@wordpress.com
31,Johnnie,Guidelli,jguidelli29@cbc.ca
37,Clem,Halgarth,chalgarth2a@nasa.gov
51,Jed,Breckin,jbreckin2b@booking.com
93,Lizbeth,Biggans,lbiggans2c@archive.org
18,Bethanne,Boshers,bboshers2d@youku.com
8,Nickolai,Penbarthy,npenbarthy2e@qq.com
71,Peterus,Keeling,pkeeling2f@tripadvisor.com
27,Jacinthe,Winterborne,jwinterborne2g@tmall.com
54,Mervin,Penhallurick,mpenhallurick2h@umn.edu
97,Corey,Button,cbutton2i@blinklist.com
99,Peri,Metzke,pmetzke2j@mozilla.org
61,Kennan,McConville,kmcconville2k@foxnews.com
16,Daniella,Ind,dind2l@scribd.com
6,Abby,Linner,alinner2m@tinyurl.com
69,Ignacio,Smiz,ismiz2n@dmoz.org
11,Tiler,Sabathier,tsabathier2o@oaic.gov.au
24,Henrie,Tufts,htufts2p@fotki.com
4,Theda,Lathaye,tlathaye2q@reference.com
58,Gardiner,Rangell,grangell2r@statcounter.com